"Module","Controller","Verb","Route"
"Acc","ChartAccountController.cs","HttpDelete","api/chart-accounts/{id:int}"
"Acc","ChartAccountController.cs","HttpGet","api/chart-accounts/{id:int}"
"Acc","ChartAccountController.cs","HttpPut","api/chart-accounts/{id:int}"
"Acc","PostingTemplateViewController.cs","HttpGet","api/posting-template-views/{id:int}"
"Bank","BankOperationController.cs","HttpDelete","api/bank-operations/{id:long}"
"Bank","BankOperationController.cs","HttpGet","api/bank-operations/{id:long}"
"Bank","BankOperationController.cs","HttpPost","api/bank-operations/many"
"Bank","BankOperationController.cs","HttpPut","api/bank-operations/{id:long}"
"Bank","BankStatementParserController.cs","HttpPost","api/bank-statement-parser/parse"
"Bank","OrgBankAccountController.cs","HttpDelete","api/org-bank-accounts/{id:int}"
"Bank","OrgBankAccountController.cs","HttpGet","api/org-bank-accounts/{id:int}"
"Bank","OrgBankAccountController.cs","HttpPost","api/org-bank-accounts/many"
"Bank","OrgBankAccountController.cs","HttpPut","api/org-bank-accounts/{id:int}"
"Cash","CashBoxController.cs","HttpDelete","api/cash-boxes/{id:int}"
"Cash","CashBoxController.cs","HttpGet","api/cash-boxes/{id:int}"
"Cash","CashBoxController.cs","HttpPut","api/cash-boxes/{id:int}"
"Cash","CashOperationController.cs","HttpDelete","api/cash-operations/{id:long}"
"Cash","CashOperationController.cs","HttpGet","api/cash-operations/{id:long}"
"Cash","CashOperationController.cs","HttpPut","api/cash-operations/{id:long}"
"Cmn","BankController.cs","HttpDelete","api/banks/{id:int}"
"Cmn","BankController.cs","HttpGet","api/banks/{id:int}"
"Cmn","BankController.cs","HttpPut","api/banks/{id:int}"
"Cmn","ContractController.cs","HttpDelete","api/contracts/{id:long}"
"Cmn","ContractController.cs","HttpGet","api/contracts/{id:long}"
"Cmn","ContractController.cs","HttpPut","api/contracts/{id:long}"
"Cmn","ManualController.cs","HttpGet","api/manuals/accounting-policies"
"Cmn","ManualController.cs","HttpGet","api/manuals/banks"
"Cmn","ManualController.cs","HttpGet","api/manuals/branches"
"Cmn","ManualController.cs","HttpGet","api/manuals/cash-boxes"
"Cmn","ManualController.cs","HttpGet","api/manuals/cash-operations"
"Cmn","ManualController.cs","HttpGet","api/manuals/chart-accounts"
"Cmn","ManualController.cs","HttpGet","api/manuals/clients"
"Cmn","ManualController.cs","HttpGet","api/manuals/contracts"
"Cmn","ManualController.cs","HttpGet","api/manuals/contract-types"
"Cmn","ManualController.cs","HttpGet","api/manuals/costing-methods"
"Cmn","ManualController.cs","HttpGet","api/manuals/counterparties"
"Cmn","ManualController.cs","HttpGet","api/manuals/counterparty-types"
"Cmn","ManualController.cs","HttpGet","api/manuals/currencies"
"Cmn","ManualController.cs","HttpGet","api/manuals/departments"
"Cmn","ManualController.cs","HttpGet","api/manuals/districts"
"Cmn","ManualController.cs","HttpGet","api/manuals/document-statuses"
"Cmn","ManualController.cs","HttpGet","api/manuals/document-types"
"Cmn","ManualController.cs","HttpGet","api/manuals/languages"
"Cmn","ManualController.cs","HttpGet","api/manuals/module-sub-groups"
"Cmn","ManualController.cs","HttpGet","api/manuals/operation-types"
"Cmn","ManualController.cs","HttpGet","api/manuals/organizations"
"Cmn","ManualController.cs","HttpGet","api/manuals/org-bank-accounts"
"Cmn","ManualController.cs","HttpGet","api/manuals/payment-purposes"
"Cmn","ManualController.cs","HttpGet","api/manuals/payment-types"
"Cmn","ManualController.cs","HttpGet","api/manuals/positions"
"Cmn","ManualController.cs","HttpGet","api/manuals/posting-aliases"
"Cmn","ManualController.cs","HttpGet","api/manuals/price-rounding-methods"
"Cmn","ManualController.cs","HttpGet","api/manuals/pricing-methods"
"Cmn","ManualController.cs","HttpGet","api/manuals/product-groups"
"Cmn","ManualController.cs","HttpGet","api/manuals/products"
"Cmn","ManualController.cs","HttpGet","api/manuals/regions"
"Cmn","ManualController.cs","HttpGet","api/manuals/roles"
"Cmn","ManualController.cs","HttpGet","api/manuals/states"
"Cmn","ManualController.cs","HttpGet","api/manuals/suppliers"
"Cmn","ManualController.cs","HttpGet","api/manuals/tax-types"
"Cmn","ManualController.cs","HttpGet","api/manuals/units"
"Cmn","ManualController.cs","HttpGet","api/manuals/users"
"Cmn","ManualController.cs","HttpGet","api/manuals/vat-rates"
"Cmn","ManualController.cs","HttpGet","api/manuals/warehouses"
"Cmn","PricingConditionController.cs","HttpDelete","api/pricing-conditions/{id:long}"
"Cmn","PricingConditionController.cs","HttpGet","api/pricing-conditions/{id:long}"
"Cmn","PricingConditionController.cs","HttpGet","api/pricing-conditions/now"
"Counterparty","CounterpartyBankAccountController.cs","HttpDelete","api/counterparty-bank-accounts/{id:int}"
"Counterparty","CounterpartyBankAccountController.cs","HttpGet","api/counterparty-bank-accounts/{id:int}"
"Counterparty","CounterpartyBankAccountController.cs","HttpPut","api/counterparty-bank-accounts/{id:int}"
"Counterparty","CounterpartyCardController.cs","HttpDelete","api/counterparty-cards/{id:int}"
"Counterparty","CounterpartyCardController.cs","HttpGet","api/counterparty-cards/{id:int}"
"Counterparty","CounterpartyCardController.cs","HttpPost","api/counterparty-cards/many"
"Counterparty","CounterpartyCardController.cs","HttpPut","api/counterparty-cards/{id:int}"
"Counterparty","CounterpartyContactController.cs","HttpDelete","api/counterparty-contacts/{id:int}"
"Counterparty","CounterpartyContactController.cs","HttpGet","api/counterparty-contacts/{id:int}"
"Counterparty","CounterpartyContactController.cs","HttpPut","api/counterparty-contacts/{id:int}"
"Inv","ProductController.cs","HttpDelete","api/products/{id:int}"
"Inv","ProductController.cs","HttpGet","api/products/{id:int}"
"Inv","ProductController.cs","HttpPost","api/products/many"
"Inv","ProductController.cs","HttpPut","api/products/{id:int}"
"Inv","ProductGroupController.cs","HttpDelete","api/product-groups/{id:int}"
"Inv","ProductGroupController.cs","HttpGet","api/product-groups/{id:int}"
"Inv","ProductGroupController.cs","HttpPut","api/product-groups/{id:int}"
"Inv","ProductPriceController.cs","HttpDelete","api/product-prices/{id:long}"
"Inv","ProductPriceController.cs","HttpGet","api/product-prices/{id:long}"
"Inv","ProductPriceController.cs","HttpGet","api/product-prices/{productId:int}/details"
"Inv","ProductPriceController.cs","HttpPut","api/product-prices/{id:long}"
"Inv","ProductStockController.cs","HttpGet","api/product-stocks/by-marking"
"Inv","ProductStockController.cs","HttpGet","api/product-stocks/groups"
"Inv","ProductStockController.cs","HttpGet","api/product-stocks/products"
"Inv","ProductStockController.cs","HttpGet","api/product-stocks/tables"
"Inv","WarehouseController.cs","HttpDelete","api/warehouses/{id:int}"
"Inv","WarehouseController.cs","HttpGet","api/warehouses/{id:int}"
"Inv","WarehouseController.cs","HttpPut","api/warehouses/{id:int}"
"Org","BranchController.cs","HttpDelete","api/branches/{id:int}"
"Org","BranchController.cs","HttpGet","api/branches/{id:int}"
"Org","BranchController.cs","HttpPut","api/branches/{id:int}"
"Org","DepartmentController.cs","HttpDelete","api/departments/{id:int}"
"Org","DepartmentController.cs","HttpGet","api/departments/{id:int}"
"Org","DepartmentController.cs","HttpPut","api/departments/{id:int}"
"Org","PositionController.cs","HttpDelete","api/positions/{id:int}"
"Org","PositionController.cs","HttpGet","api/positions/{id:int}"
"Org","PositionController.cs","HttpPut","api/positions/{id:int}"
"Organization","OrganizationController.cs","HttpDelete","api/organizations/{id:int}"
"Organization","OrganizationController.cs","HttpGet","api/organizations/{id:int}"
"Organization","OrganizationController.cs","HttpGet","api/organizations/by-inn"
"Organization","OrganizationController.cs","HttpPut","api/organizations/{id:int}"
"Organization","SetupController.cs","HttpPost","api/setup/complete"
"Organization","SetupController.cs","HttpPut","api/setup/accounting-policy"
"Organization","SetupController.cs","HttpPut","api/setup/company-profile"
"Organization","SetupController.cs","HttpPut","api/setup/defaults"
"Organization","SetupController.cs","HttpPut","api/setup/tax-settings"
"Organization","SetupController.cs","HttpPut","api/setup/users"
"Platform","PlatformController.cs","HttpDelete","api/platform/users/{userId:int}/organizations/{organizationId:int}"
"Platform","PlatformController.cs","HttpGet","api/platform/accountant-workspaces/{organizationId:int}"
"Platform","PlatformController.cs","HttpGet","api/platform/audit-logs"
"Platform","PlatformController.cs","HttpGet","api/platform/dashboard"
"Platform","PlatformController.cs","HttpGet","api/platform/organizations"
"Platform","PlatformController.cs","HttpGet","api/platform/organizations/{id:int}"
"Platform","PlatformController.cs","HttpGet","api/platform/tenants"
"Platform","PlatformController.cs","HttpGet","api/platform/tenants/{id:int}"
"Platform","PlatformController.cs","HttpGet","api/platform/users"
"Platform","PlatformController.cs","HttpGet","api/platform/users/{id:int}"
"Platform","PlatformController.cs","HttpPost","api/platform/accountant-workspaces"
"Platform","PlatformController.cs","HttpPost","api/platform/organizations/{id:int}/activate"
"Platform","PlatformController.cs","HttpPost","api/platform/organizations/{id:int}/archive"
"Platform","PlatformController.cs","HttpPost","api/platform/organizations/{id:int}/deactivate"
"Platform","PlatformController.cs","HttpPost","api/platform/tenants"
"Platform","PlatformController.cs","HttpPost","api/platform/tenants/{id:int}/activate"
"Platform","PlatformController.cs","HttpPost","api/platform/tenants/{id:int}/deactivate"
"Platform","PlatformController.cs","HttpPost","api/platform/users"
"Platform","PlatformController.cs","HttpPost","api/platform/users/{id:int}/block"
"Platform","PlatformController.cs","HttpPost","api/platform/users/{id:int}/unblock"
"Platform","PlatformController.cs","HttpPost","api/platform/users/{userId:int}/organizations"
"Platform","PlatformController.cs","HttpPost","api/platform/users/{userId:int}/set-password"
"Platform","PlatformController.cs","HttpPut","api/platform/organizations/{id:int}"
"Platform","PlatformController.cs","HttpPut","api/platform/tenants/{id:int}"
"Platform","PlatformController.cs","HttpPut","api/platform/users/{id:int}"
"Platform","PlatformController.cs","HttpPut","api/platform/users/{userId:int}/organizations/{organizationId:int}"
"Pur","PurchaseDocController.cs","HttpDelete","api/purchase-docs/{id:long}"
"Pur","PurchaseDocController.cs","HttpGet","api/purchase-docs/{id:long}"
"Pur","PurchaseDocController.cs","HttpPut","api/purchase-docs/{id:long}"
"Pur","PurchaseDocTableController.cs","HttpDelete","api/purchase-doc-tables/{id:long}"
"Pur","PurchaseDocTableController.cs","HttpGet","api/purchase-doc-tables/{id:long}"
"Pur","PurchaseDocTableController.cs","HttpPut","api/purchase-doc-tables/{id:long}"
"Register","AccountingRegisterEntryController.cs","HttpGet","api/register/accounting-register-entries/postings"
"Register","AccountingRegisterEntryController.cs","HttpGet","api/register/accounting-register-entries/postings/daily"
"Register","CounterpartyRegisterBalanceController.cs","HttpDelete","api/register/counterparty-register-balances/{id:long}"
"Register","CounterpartyRegisterBalanceController.cs","HttpGet","api/register/counterparty-register-balances/{id:long}"
"Register","CounterpartyRegisterBalanceController.cs","HttpPut","api/register/counterparty-register-balances/{id:long}"
"Register","InventoryRegisterBalanceController.cs","HttpGet","api/register/inventory-register-balances/{id:long}"
"Register","MoneyRegisterBalanceController.cs","HttpDelete","api/register/money-register-balances/{id:long}"
"Register","MoneyRegisterBalanceController.cs","HttpGet","api/register/money-register-balances/{id:long}"
"Register","MoneyRegisterBalanceController.cs","HttpPut","api/register/money-register-balances/{id:long}"
"Sale","SaleConditionController.cs","HttpDelete","api/sale-conditions/{id:long}"
"Sale","SaleConditionController.cs","HttpGet","api/sale-conditions/{id:long}"
"Sale","SaleConditionController.cs","HttpGet","api/sale-conditions/now"
"Sale","SaleDocController.cs","HttpDelete","api/sale-docs/{id:long}"
"Sale","SaleDocController.cs","HttpGet","api/sale-docs/{id:long}"
"Sale","SaleDocController.cs","HttpPut","api/sale-docs/{id:long}"
"Sale","SaleDocController.cs","HttpPut","api/sale-docs/{id:long}/cancel"
"Sale","SaleDocController.cs","HttpPut","api/sale-docs/{id:long}/confirm"
"Sale","SaleDocController.cs","HttpPut","api/sale-docs/{id:long}/warehouse-confirm"
"Sale","SaleDocTableController.cs","HttpDelete","api/sale-doc-tables/{id:long}"
"Sale","SaleDocTableController.cs","HttpGet","api/sale-doc-tables/{id:long}"
"Sale","SaleDocTableController.cs","HttpPut","api/sale-doc-tables/{id:long}"
"Sys","AuthController.cs","HttpGet","api/auth/check-token"
"Sys","AuthController.cs","HttpPost","api/auth/login"
"Sys","AuthController.cs","HttpPost","api/auth/login-superadmin"
"Sys","RoleController.cs","HttpDelete","api/roles/{id:int}"
"Sys","RoleController.cs","HttpGet","api/roles/{id:int}"
"Sys","RoleController.cs","HttpPut","api/roles/{id:int}"
"Sys","UserController.cs","HttpDelete","api/users/{id:int}"
"Sys","UserController.cs","HttpGet","api/users/{id:long}"
"Sys","UserController.cs","HttpPut","api/users/{id:int}"
