"Resource","Module","Verbs","Gap"
"audit-logs","Platform","HttpGet","POST (create); PUT/PATCH (update); DELETE"
"auth","Sys","HttpGet,HttpPost","PUT/PATCH (update); DELETE"
"bank-operations","Bank","HttpDelete,HttpGet,HttpPost,HttpPut",""
"banks","Cmn","HttpDelete,HttpGet,HttpPost,HttpPut",""
"bank-statement-parser","Bank","HttpPost","GET (list/get); PUT/PATCH (update); DELETE"
"branches","Cmn","HttpDelete,HttpGet,HttpPost,HttpPut",""
"cash-boxes","Cash","HttpDelete,HttpGet,HttpPost,HttpPut",""
"cash-operations","Cash","HttpDelete,HttpGet,HttpPost,HttpPut",""
"chart-accounts","Acc","HttpDelete,HttpGet,HttpPost,HttpPut",""
"contracts","Cmn","HttpDelete,HttpGet,HttpPost,HttpPut",""
"counterparty-bank-accounts","Counterparty","HttpDelete,HttpGet,HttpPost,HttpPut",""
"counterparty-cards","Counterparty","HttpDelete,HttpGet,HttpPost,HttpPut",""
"counterparty-contacts","Counterparty","HttpDelete,HttpGet,HttpPost,HttpPut",""
"departments","Cmn","HttpDelete,HttpGet,HttpPost,HttpPut",""
"manuals/accounting-policies","Cmn","HttpGet","POST (create); PUT/PATCH (update); DELETE"
"manuals/banks","Cmn","HttpGet","POST (create); PUT/PATCH (update); DELETE"
"manuals/branches","Cmn","HttpGet","POST (create); PUT/PATCH (update); DELETE"
"manuals/cash-boxes","Cmn","HttpGet","POST (create); PUT/PATCH (update); DELETE"
"manuals/cash-operations","Cmn","HttpGet","POST (create); PUT/PATCH (update); DELETE"
"manuals/chart-accounts","Cmn","HttpGet","POST (create); PUT/PATCH (update); DELETE"
"manuals/clients","Cmn","HttpGet","POST (create); PUT/PATCH (update); DELETE"
"manuals/contracts","Cmn","HttpGet","POST (create); PUT/PATCH (update); DELETE"
"manuals/contract-types","Cmn","HttpGet","POST (create); PUT/PATCH (update); DELETE"
"manuals/costing-methods","Cmn","HttpGet","POST (create); PUT/PATCH (update); DELETE"
"manuals/counterparties","Cmn","HttpGet","POST (create); PUT/PATCH (update); DELETE"
"manuals/counterparty-types","Cmn","HttpGet","POST (create); PUT/PATCH (update); DELETE"
"manuals/currencies","Cmn","HttpGet","POST (create); PUT/PATCH (update); DELETE"
"manuals/departments","Cmn","HttpGet","POST (create); PUT/PATCH (update); DELETE"
"manuals/districts","Cmn","HttpGet","POST (create); PUT/PATCH (update); DELETE"
"manuals/document-statuses","Cmn","HttpGet","POST (create); PUT/PATCH (update); DELETE"
"manuals/document-types","Cmn","HttpGet","POST (create); PUT/PATCH (update); DELETE"
"manuals/languages","Cmn","HttpGet","POST (create); PUT/PATCH (update); DELETE"
"manuals/module-sub-groups","Cmn","HttpGet","POST (create); PUT/PATCH (update); DELETE"
"manuals/operation-types","Cmn","HttpGet","POST (create); PUT/PATCH (update); DELETE"
"manuals/organizations","Cmn","HttpGet","POST (create); PUT/PATCH (update); DELETE"
"manuals/org-bank-accounts","Cmn","HttpGet","POST (create); PUT/PATCH (update); DELETE"
"manuals/payment-purposes","Cmn","HttpGet","POST (create); PUT/PATCH (update); DELETE"
"manuals/payment-types","Cmn","HttpGet","POST (create); PUT/PATCH (update); DELETE"
"manuals/positions","Cmn","HttpGet","POST (create); PUT/PATCH (update); DELETE"
"manuals/posting-aliases","Cmn","HttpGet","POST (create); PUT/PATCH (update); DELETE"
"manuals/price-rounding-methods","Cmn","HttpGet","POST (create); PUT/PATCH (update); DELETE"
"manuals/pricing-methods","Cmn","HttpGet","POST (create); PUT/PATCH (update); DELETE"
"manuals/product-groups","Cmn","HttpGet","POST (create); PUT/PATCH (update); DELETE"
"manuals/products","Cmn","HttpGet","POST (create); PUT/PATCH (update); DELETE"
"manuals/regions","Cmn","HttpGet","POST (create); PUT/PATCH (update); DELETE"
"manuals/roles","Cmn","HttpGet","POST (create); PUT/PATCH (update); DELETE"
"manuals/states","Cmn","HttpGet","POST (create); PUT/PATCH (update); DELETE"
"manuals/suppliers","Cmn","HttpGet","POST (create); PUT/PATCH (update); DELETE"
"manuals/tax-types","Cmn","HttpGet","POST (create); PUT/PATCH (update); DELETE"
"manuals/units","Cmn","HttpGet","POST (create); PUT/PATCH (update); DELETE"
"manuals/users","Cmn","HttpGet","POST (create); PUT/PATCH (update); DELETE"
"manuals/vat-rates","Cmn","HttpGet","POST (create); PUT/PATCH (update); DELETE"
"manuals/warehouses","Cmn","HttpGet","POST (create); PUT/PATCH (update); DELETE"
"organizations","Cmn","HttpDelete,HttpGet,HttpPost,HttpPut",""
"org-bank-accounts","Bank","HttpDelete,HttpGet,HttpPost,HttpPut",""
"platform","Platform","HttpGet,HttpPost","PUT/PATCH (update); DELETE"
"platform/accountant-workspaces","Platform","HttpGet","POST (create); PUT/PATCH (update); DELETE"
"platform/organizations","Platform","HttpGet,HttpPost,HttpPut","DELETE"
"platform/tenants","Platform","HttpGet,HttpPost,HttpPut","DELETE"
"platform/users","Platform","HttpDelete,HttpGet,HttpPost,HttpPut",""
"positions","Cmn","HttpDelete,HttpGet,HttpPost,HttpPut",""
"posting-template-views","Acc","HttpGet","POST (create); PUT/PATCH (update); DELETE"
"pricing-conditions","Cmn","HttpDelete,HttpGet,HttpPost","PUT/PATCH (update)"
"product-groups","Cmn","HttpDelete,HttpGet,HttpPost,HttpPut",""
"product-prices","Inv","HttpDelete,HttpGet,HttpPost,HttpPut",""
"product-prices/{productId:int}","Inv","HttpGet","POST (create); PUT/PATCH (update); DELETE"
"products","Cmn","HttpDelete,HttpGet,HttpPost,HttpPut",""
"product-stocks","Inv","HttpGet","POST (create); PUT/PATCH (update); DELETE"
"purchase-docs","Pur","HttpDelete,HttpGet,HttpPost,HttpPut",""
"purchase-doc-tables","Pur","HttpDelete,HttpGet,HttpPost,HttpPut",""
"register","Register","HttpGet,HttpPost","PUT/PATCH (update); DELETE"
"register/accounting-register-entries","Register","HttpGet","POST (create); PUT/PATCH (update); DELETE"
"register/counterparty-register-balances","Register","HttpDelete,HttpGet,HttpPut","POST (create)"
"register/inventory-register-balances","Register","HttpGet","POST (create); PUT/PATCH (update); DELETE"
"register/money-register-balances","Register","HttpDelete,HttpGet,HttpPut","POST (create)"
"roles","Cmn","HttpDelete,HttpGet,HttpPost,HttpPut",""
"sale-conditions","Sale","HttpDelete,HttpGet,HttpPost","PUT/PATCH (update)"
"sale-docs","Sale","HttpDelete,HttpGet,HttpPost,HttpPut",""
"sale-docs/{id:long}","Sale","HttpPut","GET (list/get); POST (create); DELETE"
"sale-doc-tables","Sale","HttpDelete,HttpGet,HttpPost,HttpPut",""
"setup","Organization","HttpGet,HttpPost,HttpPut","DELETE"
"users","Cmn","HttpDelete,HttpGet,HttpPost,HttpPut",""
"warehouses","Cmn","HttpDelete,HttpGet,HttpPost,HttpPut",""
